A*01,HLA00001
A*02,HLA00005
A*03,HLA00037
A*11,HLA00043
A*23,HLA00048
A*24,HLA00050
A*25,HLA00071
A*26,HLA00073
A*29,HLA00085
A*30,HLA00089
A*31,HLA00097
A*32,HLA00101
A*33,HLA00104
A*34,HLA00108
A*36,HLA00110
A*43,HLA00111
A*66,HLA00112
A*68,HLA00115
A*69,HLA00126
A*74,HLA00127
A*80,HLA00130
B*07,HLA00132
B*08,HLA00146
B*13,HLA00152
B*14,HLA00157
B*15,HLA00162
B*18,HLA00213
B*27,HLA00220
B*35,HLA00237
B*37,HLA00265
B*38,HLA00267
B*39,HLA00271
B*40,HLA00291
B*41,HLA00312
B*42,HLA00315
B*44,HLA00318
B*45,HLA00329
B*46,HLA00331
B*47,HLA01437
B*48,HLA00335
B*49,HLA00340
B*50,HLA00341
B*51,HLA00344
B*52,HLA00362
B*53,HLA00364
B*54,HLA00367
B*55,HLA00368
B*56,HLA00376
B*57,HLA00381
B*58,HLA00386
B*59,HLA00389
B*67,HLA00390
B*73,HLA00392
B*78,HLA16309
B*81,HLA00398
B*82,HLA00399
B*83,HLA01135
C*01,HLA00401
C*02,HLA00404
C*03,HLA00410
C*04,HLA00420
C*05,HLA00427
C*06,HLA00430
C*07,HLA00433
C*08,HLA00445
C*12,HLA00453
C*14,HLA00462
C*15,HLA00467
C*16,HLA00475
C*17,HLA04311
C*18,HLA00483
E*01,HLA00934
F*01,HLA01096
G*01,HLA00939
H*01,HLA02546
H*02,HLA02547
H*03,HLA02553
J*01,HLA02626
J*02,HLA02627
K*01,HLA02654
L*01,HLA02655
N*01,HLA18596
P*01,HLA02742
P*02,HLA02744
S*01,HLA18607
T*01,HLA16376
T*02,HLA16380
T*03,HLA16381
U*01,HLA18591
V*01,HLA02801
W*01,HLA16364
W*02,HLA16372
W*03,HLA16365
W*04,HLA16373
W*05,HLA16370
Y*01,HLA13320
Y*02,HLA13322
Y*03,HLA13321
DRA*01,HLA00662
DRB1*01,HLA00664
DRB1*03,HLA00671
DRB1*04,HLA00685
DRB1*07,HLA00719
DRB1*08,HLA00723
DRB1*09,HLA00749
DRB1*10,HLA00750
DRB1*11,HLA00751
DRB1*12,HLA00789
DRB1*13,HLA00797
DRB1*14,HLA00833
DRB1*15,HLA00865
DRB1*16,HLA00876
DRB2*01,HLA01028
DRB3*01,HLA00887
DRB3*02,HLA00894
DRB3*03,HLA00902
DRB4*01,HLA00905
DRB4*02,HLA00913
DRB4*03,HLA00914
DRB5*01,HLA00915
DRB5*02,HLA00926
DRB6*01,HLA00929
DRB6*02,HLA00930
DRB7*01,HLA00932
DRB8*01,HLA01029
DRB9*01,HLA01030
DQA1*01,HLA00601
DQA1*02,HLA00607
DQA1*03,HLA00608
DQA1*04,HLA00612
DQA1*05,HLA00613
DQA1*06,HLA00620
DQA2*01,HLA26079
DQB1*05,HLA00638
DQB1*06,HLA00643
DQB1*02,HLA00622
DQB1*03,HLA00625
DQB1*04,HLA00636
DQB2*01,HLA35619
DPA1*01,HLA00499
DPA1*02,HLA00504
DPA1*03,HLA00511
DPA1*04,HLA00513
DPA2*01,HLA16384
DPA2*02,HLA16386
DPB1*01,HLA00514
DPB1*02,HLA00517
DPB1*03,HLA00520
DPB1*04,HLA00521
DPB1*05,HLA00523
DPB1*06,HLA00524
DPB1*08,HLA00525
DPB1*09,HLA00526
DPB1*10,HLA00527
DPB1*11,HLA00528
DPB1*13,HLA00530
DPB1*14,HLA00531
DPB1*15,HLA00532
DPB1*16,HLA00533
DPB1*17,HLA00534
DPB1*18,HLA00535
DPB1*19,HLA00536
DPB1*20,HLA00537
DPB1*21,HLA00539
DPB1*22,HLA00540
DPB1*23,HLA00541
DPB1*24,HLA00542
DPB1*25,HLA00543
DPB1*26,HLA00544
DPB1*27,HLA00546
DPB1*28,HLA00547
DPB1*29,HLA00548
DPB1*30,HLA00549
DPB1*31,HLA00550
DPB1*32,HLA00551
DPB1*33,HLA00552
DPB1*34,HLA00553
DPB1*35,HLA00554
DPB1*36,HLA00555
DPB1*37,HLA00556
DPB1*38,HLA00557
DPB1*39,HLA00558
DPB1*40,HLA00559
DPB1*41,HLA00560
DPB1*44,HLA00563
DPB1*45,HLA00564
DPB1*46,HLA00565
DPB1*47,HLA00566
DPB1*48,HLA00567
DPB1*49,HLA00568
DPB1*50,HLA00569
DPB1*51,HLA00570
DPB1*52,HLA00571
DPB1*53,HLA00572
DPB1*54,HLA00573
DPB1*55,HLA00574
DPB1*56,HLA00575
DPB1*57,HLA00576
DPB1*58,HLA00577
DPB1*59,HLA00578
DPB1*60,HLA00579
DPB1*61,HLA00580
DPB1*62,HLA00581
DPB1*63,HLA00582
DPB1*64,HLA00583
DPB1*65,HLA00584
DPB1*66,HLA00585
DPB1*67,HLA00586
DPB1*68,HLA00587
DPB1*69,HLA00588
DPB1*70,HLA00589
DPB1*71,HLA00590
DPB1*72,HLA00591
DPB1*73,HLA00592
DPB1*74,HLA00593
DPB1*75,HLA00594
DPB1*76,HLA00595
DPB1*77,HLA00596
DPB1*78,HLA00597
DPB1*79,HLA00598
DPB1*80,HLA00599
DPB1*81,HLA00600
DPB1*82,HLA01002
DPB1*83,HLA01084
DPB1*84,HLA01085
DPB1*85,HLA01162
DPB1*86,HLA01234
DPB1*87,HLA01308
DPB1*88,HLA01304
DPB1*89,HLA01360
DPB1*90,HLA01441
DPB1*91,HLA01475
DPB1*92,HLA01597
DPB1*93,HLA01637
DPB1*94,HLA01669
DPB1*95,HLA01670
DPB1*96,HLA01684
DPB1*97,HLA01753
DPB1*98,HLA01762
DPB1*99,HLA01830
DPB1*100,HLA01837
DPB1*101,HLA01895
DPB1*102,HLA01947
DPB1*103,HLA02042
DPB1*104,HLA02046
DPB1*105,HLA02047
DPB1*106,HLA02048
DPB1*107,HLA02050
DPB1*108,HLA02080
DPB1*109,HLA02115
DPB1*110,HLA02243
DPB1*111,HLA02294
DPB1*112,HLA02403
DPB1*113,HLA02447
DPB1*114,HLA02451
DPB1*115,HLA02493
DPB1*116,HLA02579
DPB1*117,HLA02738
DPB1*118,HLA02951
DPB1*119,HLA03490
DPB1*120,HLA03492
DPB1*121,HLA03575
DPB1*122,HLA03822
DPB1*123,HLA03838
DPB1*124,HLA04416
DPB1*125,HLA04398
DPB1*126,HLA05133
DPB1*127,HLA05357
DPB1*128,HLA05358
DPB1*129,HLA05760
DPB1*130,HLA06049
DPB1*131,HLA06078
DPB1*132,HLA06140
DPB1*133,HLA06672
DPB1*134,HLA06673
DPB1*135,HLA07334
DPB1*136,HLA07366
DPB1*137,HLA07534
DPB1*138,HLA07798
DPB1*139,HLA07816
DPB1*140,HLA08416
DPB1*141,HLA08802
DPB1*142,HLA09132
DPB1*143,HLA09385
DPB1*144,HLA09386
DPB1*145,HLA09477
DPB1*146,HLA09388
DPB1*147,HLA09390
DPB1*148,HLA09391
DPB1*149,HLA09392
DPB1*150,HLA09395
DPB1*151,HLA09396
DPB1*152,HLA09397
DPB1*153,HLA09398
DPB1*154,HLA09400
DPB1*155,HLA09401
DPB1*156,HLA09402
DPB1*157,HLA09403
DPB1*158,HLA09404
DPB1*159,HLA09405
DPB1*160,HLA09406
DPB1*161,HLA09408
DPB1*162,HLA09478
DPB1*163,HLA09767
DPB1*164,HLA09768
DPB1*165,HLA09769
DPB1*166,HLA10026
DPB1*167,HLA10263
DPB1*168,HLA10270
DPB1*169,HLA10323
DPB1*170,HLA10324
DPB1*171,HLA10325
DPB1*172,HLA10326
DPB1*173,HLA10327
DPB1*174,HLA10328
DPB1*175,HLA10331
DPB1*176,HLA10333
DPB1*177,HLA10334
DPB1*178,HLA10336
DPB1*179,HLA10337
DPB1*180,HLA10338
DPB1*181,HLA10339
DPB1*182,HLA10341
DPB1*183,HLA10342
DPB1*184,HLA10343
DPB1*185,HLA10344
DPB1*186,HLA10345
DPB1*187,HLA10346
DPB1*188,HLA10347
DPB1*189,HLA10348
DPB1*190,HLA10349
DPB1*191,HLA10350
DPB1*192,HLA10351
DPB1*193,HLA10352
DPB1*194,HLA10354
DPB1*195,HLA10355
DPB1*196,HLA10357
DPB1*197,HLA10359
DPB1*198,HLA10360
DPB1*199,HLA10361
DPB1*200,HLA10362
DPB1*201,HLA10363
DPB1*202,HLA10364
DPB1*203,HLA10365
DPB1*204,HLA10366
DPB1*205,HLA10367
DPB1*206,HLA10368
DPB1*207,HLA10369
DPB1*208,HLA10370
DPB1*209,HLA10371
DPB1*210,HLA10558
DPB1*211,HLA10559
DPB1*212,HLA10561
DPB1*213,HLA10562
DPB1*214,HLA10943
DPB1*215,HLA10944
DPB1*216,HLA10946
DPB1*217,HLA10947
DPB1*218,HLA10949
DPB1*219,HLA10950
DPB1*220,HLA10951
DPB1*221,HLA10953
DPB1*222,HLA10954
DPB1*223,HLA11181
DPB1*224,HLA11182
DPB1*225,HLA11183
DPB1*226,HLA11184
DPB1*227,HLA11185
DPB1*228,HLA11186
DPB1*229,HLA11187
DPB1*230,HLA11188
DPB1*231,HLA11189
DPB1*232,HLA11190
DPB1*233,HLA11192
DPB1*234,HLA11193
DPB1*235,HLA11194
DPB1*236,HLA11195
DPB1*237,HLA11491
DPB1*238,HLA11492
DPB1*239,HLA11493
DPB1*240,HLA11494
DPB1*241,HLA11495
DPB1*242,HLA11496
DPB1*243,HLA11497
DPB1*244,HLA11509
DPB1*245,HLA11510
DPB1*246,HLA11511
DPB1*247,HLA11512
DPB1*248,HLA11513
DPB1*249,HLA11514
DPB1*250,HLA11515
DPB1*251,HLA11516
DPB1*252,HLA11517
DPB1*253,HLA11518
DPB1*254,HLA11519
DPB1*255,HLA11520
DPB1*256,HLA11539
DPB1*257,HLA11540
DPB1*258,HLA11541
DPB1*259,HLA11542
DPB1*260,HLA11543
DPB1*261,HLA11544
DPB1*262,HLA11499
DPB1*263,HLA11500
DPB1*264,HLA11501
DPB1*265,HLA11502
DPB1*266,HLA11503
DPB1*267,HLA11504
DPB1*268,HLA11505
DPB1*269,HLA11506
DPB1*270,HLA11507
DPB1*271,HLA11521
DPB1*272,HLA11522
DPB1*273,HLA11523
DPB1*274,HLA11524
DPB1*275,HLA11525
DPB1*276,HLA11526
DPB1*277,HLA11527
DPB1*278,HLA11528
DPB1*279,HLA11529
DPB1*280,HLA11530
DPB1*281,HLA11531
DPB1*282,HLA11532
DPB1*283,HLA11533
DPB1*284,HLA11534
DPB1*285,HLA11535
DPB1*286,HLA11536
DPB1*287,HLA11537
DPB1*288,HLA11538
DPB1*289,HLA11545
DPB1*290,HLA11546
DPB1*291,HLA11547
DPB1*292,HLA11548
DPB1*293,HLA11549
DPB1*294,HLA11550
DPB1*295,HLA11551
DPB1*296,HLA11552
DPB1*297,HLA11610
DPB1*298,HLA11611
DPB1*299,HLA11612
DPB1*300,HLA11613
DPB1*301,HLA11614
DPB1*302,HLA11615
DPB1*303,HLA11617
DPB1*304,HLA11618
DPB1*305,HLA11619
DPB1*306,HLA11620
DPB1*307,HLA11621
DPB1*308,HLA11623
DPB1*309,HLA11624
DPB1*310,HLA11625
DPB1*311,HLA11626
DPB1*312,HLA11627
DPB1*313,HLA11628
DPB1*314,HLA11629
DPB1*315,HLA11630
DPB1*316,HLA11631
DPB1*317,HLA11691
DPB1*318,HLA11692
DPB1*319,HLA11693
DPB1*320,HLA11694
DPB1*321,HLA11695
DPB1*322,HLA11697
DPB1*323,HLA11700
DPB1*324,HLA11701
DPB1*325,HLA11702
DPB1*326,HLA11703
DPB1*327,HLA11705
DPB1*328,HLA11706
DPB1*329,HLA11708
DPB1*330,HLA11907
DPB1*331,HLA11908
DPB1*332,HLA11909
DPB1*333,HLA11910
DPB1*334,HLA11911
DPB1*335,HLA11912
DPB1*336,HLA11913
DPB1*337,HLA11914
DPB1*338,HLA11917
DPB1*339,HLA11918
DPB1*340,HLA11919
DPB1*341,HLA11920
DPB1*342,HLA11921
DPB1*343,HLA11923
DPB1*344,HLA11924
DPB1*345,HLA11925
DPB1*346,HLA11926
DPB1*347,HLA11927
DPB1*348,HLA11928
DPB1*349,HLA11929
DPB1*350,HLA11944
DPB1*351,HLA11945
DPB1*352,HLA11946
DPB1*353,HLA11947
DPB1*354,HLA12061
DPB1*355,HLA12062
DPB1*356,HLA12063
DPB1*357,HLA12064
DPB1*358,HLA12065
DPB1*359,HLA12066
DPB1*360,HLA12067
DPB1*361,HLA12068
DPB1*362,HLA12069
DPB1*363,HLA12181
DPB1*364,HLA12222
DPB1*365,HLA12225
DPB1*366,HLA12226
DPB1*367,HLA12227
DPB1*368,HLA12228
DPB1*369,HLA12229
DPB1*370,HLA12230
DPB1*371,HLA12231
DPB1*372,HLA12371
DPB1*373,HLA12372
DPB1*374,HLA12373
DPB1*375,HLA12375
DPB1*376,HLA12378
DPB1*377,HLA12379
DPB1*378,HLA12380
DPB1*379,HLA12381
DPB1*380,HLA12382
DPB1*381,HLA12384
DPB1*382,HLA12385
DPB1*383,HLA12387
DPB1*384,HLA12388
DPB1*385,HLA12389
DPB1*386,HLA12390
DPB1*387,HLA12391
DPB1*388,HLA12392
DPB1*389,HLA12393
DPB1*390,HLA12395
DPB1*391,HLA12396
DPB1*392,HLA12397
DPB1*393,HLA12425
DPB1*394,HLA12438
DPB1*395,HLA12537
DPB1*396,HLA12538
DPB1*397,HLA12539
DPB1*398,HLA12540
DPB1*399,HLA12541
DPB1*400,HLA12542
DPB1*401,HLA12543
DPB1*402,HLA12544
DPB1*403,HLA12545
DPB1*404,HLA12546
DPB1*405,HLA12547
DPB1*406,HLA12844
DPB1*407,HLA12849
DPB1*408,HLA12850
DPB1*409,HLA12851
DPB1*410,HLA12852
DPB1*411,HLA12853
DPB1*412,HLA12854
DPB1*413,HLA12855
DPB1*414,HLA12863
DPB1*415,HLA12864
DPB1*416,HLA12865
DPB1*417,HLA12847
DPB1*418,HLA12895
DPB1*419,HLA12897
DPB1*420,HLA12898
DPB1*421,HLA12900
DPB1*422,HLA12901
DPB1*423,HLA12903
DPB1*424,HLA13297
DPB1*425,HLA13299
DPB1*426,HLA13301
DPB1*427,HLA13302
DPB1*428,HLA13303
DPB1*429,HLA13305
DPB1*430,HLA13306
DPB1*431,HLA13307
DPB1*432,HLA13308
DPB1*433,HLA13309
DPB1*434,HLA13310
DPB1*435,HLA13311
DPB1*436,HLA13313
DPB1*437,HLA13314
DPB1*438,HLA13315
DPB1*439,HLA13317
DPB1*440,HLA13390
DPB1*441,HLA13600
DPB1*442,HLA13601
DPB1*443,HLA13602
DPB1*444,HLA13603
DPB1*445,HLA13605
DPB1*446,HLA13606
DPB1*447,HLA13607
DPB1*448,HLA13609
DPB1*449,HLA13611
DPB1*450,HLA13610
DPB1*451,HLA13641
DPB1*452,HLA13692
DPB1*453,HLA13693
DPB1*454,HLA13694
DPB1*455,HLA13695
DPB1*456,HLA13696
DPB1*457,HLA13697
DPB1*458,HLA13698
DPB1*459,HLA13712
DPB1*460,HLA13713
DPB1*461,HLA13714
DPB1*462,HLA13715
DPB1*463,HLA13717
DPB1*464,HLA13718
DPB1*465,HLA13823
DPB1*466,HLA13824
DPB1*467,HLA13825
DPB1*468,HLA13826
DPB1*469,HLA13827
DPB1*470,HLA13828
DPB1*471,HLA13829
DPB1*472,HLA13830
DPB1*473,HLA13899
DPB1*474,HLA13900
DPB1*475,HLA13901
DPB1*476,HLA13902
DPB1*477,HLA13903
DPB1*478,HLA13906
DPB1*479,HLA13907
DPB1*480,HLA13910
DPB1*481,HLA13911
DPB1*482,HLA13912
DPB1*483,HLA13913
DPB1*484,HLA14056
DPB1*485,HLA14057
DPB1*486,HLA14058
DPB1*487,HLA14059
DPB1*488,HLA14060
DPB1*489,HLA14061
DPB1*490,HLA14062
DPB1*491,HLA14063
DPB1*492,HLA14064
DPB1*493,HLA14065
DPB1*494,HLA14190
DPB1*495,HLA14191
DPB1*496,HLA14192
DPB1*497,HLA14193
DPB1*498,HLA14196
DPB1*499,HLA14267
DPB1*500,HLA14268
DPB1*501,HLA14269
DPB1*502,HLA14270
DPB1*503,HLA14271
DPB1*504,HLA14272
DPB1*505,HLA14273
DPB1*506,HLA14274
DPB1*507,HLA14275
DPB1*508,HLA14276
DPB1*509,HLA14277
DPB1*510,HLA14362
DPB1*511,HLA14363
DPB1*512,HLA14364
DPB1*513,HLA14365
DPB1*514,HLA14367
DPB1*515,HLA14368
DPB1*516,HLA14369
DPB1*517,HLA14370
DPB1*518,HLA14398
DPB1*519,HLA14414
DPB1*520,HLA14578
DPB1*521,HLA14579
DPB1*522,HLA14580
DPB1*523,HLA14581
DPB1*524,HLA14582
DPB1*525,HLA14583
DPB1*526,HLA14585
DPB1*527,HLA14586
DPB1*528,HLA14587
DPB1*529,HLA14588
DPB1*530,HLA14589
DPB1*531,HLA14590
DPB1*532,HLA14592
DPB1*533,HLA14468
DPB1*534,HLA14469
DPB1*535,HLA14470
DPB1*536,HLA14472
DPB1*537,HLA14668
DPB1*538,HLA14670
DPB1*539,HLA14671
DPB1*540,HLA14672
DPB1*541,HLA14673
DPB1*542,HLA14674
DPB1*543,HLA14675
DPB1*544,HLA14676
DPB1*545,HLA14677
DPB1*546,HLA14678
DPB1*547,HLA14679
DPB1*548,HLA14869
DPB1*549,HLA14862
DPB1*550,HLA14937
DPB1*551,HLA14998
DPB1*552,HLA15093
DPB1*553,HLA15094
DPB1*554,HLA15095
DPB1*555,HLA15096
DPB1*556,HLA15097
DPB1*557,HLA15098
DPB1*558,HLA15099
DPB1*559,HLA15100
DPB1*560,HLA15101
DPB1*561,HLA15102
DPB1*562,HLA15103
DPB1*563,HLA15104
DPB1*564,HLA15105
DPB1*565,HLA15106
DPB1*566,HLA15107
DPB1*567,HLA15108
DPB1*568,HLA15110
DPB1*569,HLA14999
DPB1*570,HLA15146
DPB1*571,HLA15391
DPB1*572,HLA15165
DPB1*573,HLA15443
DPB1*574,HLA15444
DPB1*575,HLA15445
DPB1*576,HLA15447
DPB1*577,HLA15448
DPB1*578,HLA15449
DPB1*579,HLA15450
DPB1*580,HLA15451
DPB1*581,HLA15393
DPB1*582,HLA15492
DPB1*583,HLA15493
DPB1*584,HLA15505
DPB1*585,HLA15401
DPB1*586,HLA15717
DPB1*587,HLA15718
DPB1*588,HLA15719
DPB1*589,HLA15720
DPB1*590,HLA15721
DPB1*591,HLA15723
DPB1*592,HLA15724
DPB1*593,HLA15725
DPB1*594,HLA15726
DPB1*595,HLA15727
DPB1*596,HLA15728
DPB1*597,HLA15731
DPB1*598,HLA15752
DPB1*599,HLA15753
DPB1*600,HLA15754
DPB1*601,HLA15755
DPB1*602,HLA16004
DPB1*603,HLA16005
DPB1*604,HLA16006
DPB1*605,HLA16007
DPB1*606,HLA16008
DPB1*607,HLA16009
DPB1*608,HLA16010
DPB1*609,HLA16011
DPB1*610,HLA16012
DPB1*611,HLA15776
DPB1*612,HLA15777
DPB1*613,HLA16055
DPB1*614,HLA16054
DPB1*615,HLA16315
DPB1*616,HLA16348
DPB1*617,HLA16349
DPB1*618,HLA16350
DPB1*619,HLA16351
DPB1*620,HLA16352
DPB1*621,HLA04110
DPB1*622,HLA16394
DPB1*623,HLA16395
DPB1*624,HLA16640
DPB1*625,HLA16594
DPB1*626,HLA16595
DPB1*627,HLA16596
DPB1*628,HLA16597
DPB1*629,HLA16598
DPB1*630,HLA16599
DPB1*631,HLA16600
DPB1*632,HLA16601
DPB1*633,HLA16602
DPB1*634,HLA16603
DPB1*635,HLA16604
DPB1*636,HLA16605
DPB1*637,HLA16801
DPB1*638,HLA16802
DPB1*639,HLA16803
DPB1*640,HLA16846
DPB1*641,HLA16971
DPB1*642,HLA16972
DPB1*643,HLA16974
DPB1*644,HLA16975
DPB1*645,HLA16977
DPB1*646,HLA17056
DPB1*647,HLA17078
DPB1*648,HLA17138
DPB1*649,HLA17259
DPB1*650,HLA17261
DPB1*651,HLA17193
DPB1*652,HLA17194
DPB1*653,HLA17195
DPB1*654,HLA17302
DPB1*655,HLA17547
DPB1*656,HLA17548
DPB1*657,HLA17549
DPB1*658,HLA17550
DPB1*659,HLA17551
DPB1*660,HLA17552
DPB1*661,HLA17553
DPB1*662,HLA17554
DPB1*663,HLA17555
DPB1*664,HLA17556
DPB1*665,HLA17576
DPB1*666,HLA17710
DPB1*667,HLA17711
DPB1*668,HLA17712
DPB1*669,HLA17713
DPB1*670,HLA17715
DPB1*671,HLA17716
DPB1*672,HLA17717
DPB1*673,HLA17718
DPB1*674,HLA17719
DPB1*675,HLA17722
DPB1*676,HLA17723
DPB1*677,HLA17724
DPB1*678,HLA17726
DPB1*679,HLA17948
DPB1*680,HLA17949
DPB1*681,HLA17950
DPB1*682,HLA17951
DPB1*683,HLA17952
DPB1*684,HLA17953
DPB1*685,HLA17954
DPB1*686,HLA17955
DPB1*687,HLA17956
DPB1*688,HLA17958
DPB1*689,HLA17959
DPB1*690,HLA17960
DPB1*691,HLA18065
DPB1*692,HLA18066
DPB1*693,HLA18082
DPB1*694,HLA18102
DPB1*695,HLA18140
DPB1*696,HLA18202
DPB1*697,HLA18203
DPB1*698,HLA18204
DPB1*699,HLA18290
DPB1*700,HLA18288
DPB1*701,HLA18542
DPB1*702,HLA18552
DPB1*703,HLA18650
DPB1*704,HLA18703
DPB1*705,HLA18705
DPB1*706,HLA18707
DPB1*707,HLA18709
DPB1*708,HLA18710
DPB1*709,HLA18712
DPB1*710,HLA18713
DPB1*711,HLA18715
DPB1*712,HLA18717
DPB1*713,HLA18718
DPB1*714,HLA18720
DPB1*715,HLA18721
DPB1*716,HLA18822
DPB1*717,HLA18823
DPB1*718,HLA18824
DPB1*719,HLA18837
DPB1*720,HLA19174
DPB1*721,HLA19549
DPB1*722,HLA19591
DPB1*723,HLA19527
DPB1*724,HLA19572
DPB1*725,HLA19426
DPB1*726,HLA19388
DPB1*727,HLA19345
DPB1*728,HLA19472
DPB1*729,HLA19251
DPB1*730,HLA19580
DPB1*731,HLA19482
DPB1*732,HLA19261
DPB1*733,HLA19418
DPB1*734,HLA19238
DPB1*735,HLA19515
DPB1*736,HLA19299
DPB1*737,HLA19368
DPB1*738,HLA19431
DPB1*739,HLA19184
DPB1*740,HLA19731
DPB1*741,HLA19632
DPB1*742,HLA19702
DPB1*743,HLA19766
DPB1*744,HLA19810
DPB1*745,HLA19686
DPB1*746,HLA19631
DPB1*747,HLA19830
DPB1*748,HLA19846
DPB1*749,HLA19927
DPB1*750,HLA19634
DPB1*751,HLA19764
DPB1*752,HLA19902
DPB1*753,HLA19667
DPB1*754,HLA19775
DPB1*755,HLA19837
DPB1*756,HLA19928
DPB1*757,HLA19935
DPB1*758,HLA19738
DPB1*759,HLA19713
DPB1*760,HLA19668
DPB1*761,HLA19624
DPB1*762,HLA19705
DPB1*763,HLA19737
DPB1*764,HLA21145
DPB1*765,HLA21042
DPB1*766,HLA21098
DPB1*767,HLA20816
DPB1*768,HLA21084
DPB1*769,HLA20558
DPB1*770,HLA20567
DPB1*771,HLA20982
DPB1*772,HLA21159
DPB1*773,HLA20605
DPB1*774,HLA20796
DPB1*775,HLA20717
DPB1*776,HLA20960
DPB1*777,HLA20670
DPB1*778,HLA20714
DPB1*779,HLA21138
DPB1*780,HLA21021
DPB1*781,HLA20987
DPB1*782,HLA21039
DPB1*783,HLA20902
DPB1*784,HLA20526
DPB1*785,HLA21008
DPB1*786,HLA20836
DPB1*787,HLA20564
DPB1*788,HLA21075
DPB1*789,HLA20964
DPB1*790,HLA20635
DPB1*791,HLA20984
DPB1*792,HLA20840
DPB1*794,HLA21161
DPB1*795,HLA20728
DPB1*796,HLA20645
DPB1*797,HLA20901
DPB1*798,HLA20583
DPB1*799,HLA20731
DPB1*800,HLA20672
DPB1*801,HLA20850
DPB1*802,HLA20569
DPB1*803,HLA20935
DPB1*804,HLA20809
DPB1*805,HLA20629
DPB1*806,HLA21125
DPB1*807,HLA20810
DPB1*808,HLA20921
DPB1*809,HLA20631
DPB1*810,HLA20958
DPB1*811,HLA20913
DPB1*812,HLA20560
DPB1*813,HLA20580
DPB1*814,HLA20854
DPB1*815,HLA20718
DPB1*816,HLA21118
DPB1*817,HLA20823
DPB1*818,HLA20559
DPB1*819,HLA20876
DPB1*820,HLA21051
DPB1*821,HLA20596
DPB1*822,HLA20881
DPB1*823,HLA21068
DPB1*824,HLA20933
DPB1*825,HLA20663
DPB1*826,HLA20539
DPB1*827,HLA20857
DPB1*828,HLA20739
DPB1*829,HLA20905
DPB1*830,HLA20754
DPB1*831,HLA20543
DPB1*832,HLA20890
DPB1*833,HLA20798
DPB1*834,HLA20615
DPB1*835,HLA20697
DPB1*836,HLA20545
DPB1*837,HLA20945
DPB1*838,HLA20852
DPB1*839,HLA21028
DPB1*840,HLA20872
DPB1*841,HLA20883
DPB1*842,HLA20751
DPB1*843,HLA20698
DPB1*844,HLA20510
DPB1*845,HLA20989
DPB1*846,HLA20962
DPB1*847,HLA20646
DPB1*848,HLA21119
DPB1*849,HLA20608
DPB1*850,HLA21023
DPB1*851,HLA20793
DPB1*852,HLA20965
DPB1*853,HLA20920
DPB1*854,HLA20842
DPB1*855,HLA20550
DPB1*856,HLA21130
DPB1*857,HLA20753
DPB1*858,HLA20650
DPB1*859,HLA20689
DPB1*860,HLA20566
DPB1*861,HLA20528
DPB1*862,HLA20851
DPB1*863,HLA21156
DPB1*864,HLA20980
DPB1*865,HLA21464
DPB1*866,HLA21287
DPB1*867,HLA21313
DPB1*868,HLA21331
DPB1*869,HLA21391
DPB1*870,HLA21392
DPB1*871,HLA21482
DPB1*872,HLA21311
DPB1*873,HLA21439
DPB1*874,HLA21203
DPB1*875,HLA21558
DPB1*876,HLA21421
DPB1*877,HLA21223
DPB1*878,HLA21208
DPB1*879,HLA21327
DPB1*880,HLA21170
DPB1*881,HLA21451
DPB1*882,HLA21520
DPB1*883,HLA21525
DPB1*884,HLA21343
DPB1*885,HLA21242
DPB1*886,HLA21548
DPB1*887,HLA21295
DPB1*888,HLA21319
DPB1*889,HLA21231
DPB1*890,HLA21589
DPB1*891,HLA21474
DPB1*892,HLA21302
DPB1*893,HLA21531
DPB1*894,HLA21419
DPB1*895,HLA21475
DPB1*896,HLA21648
DPB1*897,HLA21847
DPB1*898,HLA21624
DPB1*899,HLA21849
DPB1*900,HLA21668
DPB1*901,HLA21695
DPB1*902,HLA21846
DPB1*903,HLA21884
DPB1*904,HLA21737
DPB1*905,HLA21765
DPB1*906,HLA21692
DPB1*907,HLA21776
DPB1*908,HLA21803
DPB1*909,HLA21596
DPB1*910,HLA21631
DPB1*911,HLA21699
DPB1*912,HLA21617
DPB1*913,HLA21815
DPB1*914,HLA21840
DPB1*915,HLA21740
DPB1*916,HLA21828
DPB1*917,HLA21858
DPB1*918,HLA21825
DPB1*919,HLA21606
DPB1*920,HLA21899
DPB1*921,HLA21686
DPB1*922,HLA21910
DPB1*923,HLA21689
DPB1*924,HLA21725
DPB1*925,HLA21780
DPB1*926,HLA21720
DPB1*927,HLA21875
DPB1*928,HLA21653
DPB1*929,HLA21833
DPB1*930,HLA21646
DPB1*931,HLA21598
DPB1*932,HLA21687
DPB1*933,HLA21771
DPB1*934,HLA22073
DPB1*935,HLA22101
DPB1*936,HLA21989
DPB1*937,HLA21988
DPB1*938,HLA21945
DPB1*939,HLA22270
DPB1*940,HLA22236
DPB1*941,HLA22590
DPB1*942,HLA22630
DPB1*943,HLA22234
DPB1*944,HLA22374
DPB1*945,HLA22456
DPB1*946,HLA22329
DPB1*947,HLA22302
DPB1*948,HLA22197
DPB1*949,HLA22367
DPB1*950,HLA22414
DPB1*951,HLA22543
DPB1*952,HLA22468
DPB1*953,HLA22445
DPB1*954,HLA22229
DPB1*955,HLA22345
DPB1*956,HLA22413
DPB1*957,HLA22264
DPB1*958,HLA22242
DPB1*959,HLA22585
DPB1*960,HLA22409
DPB1*961,HLA22757
DPB1*962,HLA22801
DPB1*963,HLA22727
DPB1*964,HLA22742
DPB1*965,HLA22780
DPB1*966,HLA22838
DPB1*967,HLA22907
DPB1*968,HLA23056
DPB1*969,HLA23061
DPB1*970,HLA23255
DPB1*971,HLA23206
DPB1*972,HLA23540
DPB1*973,HLA23708
DPB1*974,HLA23162
DPB1*975,HLA23535
DPB1*976,HLA23533
DPB1*977,HLA23295
DPB1*978,HLA23148
DPB1*979,HLA23657
DPB1*980,HLA23193
DPB1*981,HLA23709
DPB1*982,HLA23823
DPB1*983,HLA23489
DPB1*984,HLA23757
DPB1*985,HLA23043
DPB1*986,HLA23606
DPB1*987,HLA23485
DPB1*988,HLA23086
DPB1*989,HLA23809
DPB1*990,HLA23727
DPB1*991,HLA23592
DPB1*992,HLA23780
DPB1*993,HLA23031
DPB1*994,HLA23326
DPB1*995,HLA23699
DPB1*996,HLA23601
DPB1*997,HLA23055
DPB1*998,HLA23341
DPB1*999,HLA23629
DPB1*1000,HLA23690
DPB1*1001,HLA23492
DPB1*1002,HLA23735
DPB1*1003,HLA23784
DPB1*1004,HLA23035
DPB1*1005,HLA23580
DPB1*1006,HLA23417
DPB1*1007,HLA23792
DPB1*1008,HLA23570
DPB1*1009,HLA23340
DPB1*1010,HLA23490
DPB1*1011,HLA23560
DPB1*1012,HLA23346
DPB1*1013,HLA23887
DPB1*1014,HLA24055
DPB1*1015,HLA24175
DPB1*1016,HLA23856
DPB1*1017,HLA23985
DPB1*1018,HLA23938
DPB1*1019,HLA23977
DPB1*1020,HLA23854
DPB1*1021,HLA24007
DPB1*1022,HLA23959
DPB1*1023,HLA24097
DPB1*1024,HLA24088
DPB1*1025,HLA24259
DPB1*1026,HLA23957
DPB1*1027,HLA23826
DPB1*1028,HLA24316
DPB1*1029,HLA23895
DPB1*1030,HLA23884
DPB1*1031,HLA24317
DPB1*1032,HLA24167
DPB1*1033,HLA24226
DPB1*1034,HLA24100
DPB1*1035,HLA24304
DPB1*1036,HLA24158
DPB1*1037,HLA25548
DPB1*1038,HLA24879
DPB1*1039,HLA24856
DPB1*1040,HLA24789
DPB1*1041,HLA24944
DPB1*1042,HLA25008
DPB1*1043,HLA25388
DPB1*1044,HLA25535
DPB1*1045,HLA25524
DPB1*1046,HLA24845
DPB1*1047,HLA25426
DPB1*1048,HLA25070
DPB1*1049,HLA25123
DPB1*1050,HLA24748
DPB1*1051,HLA24444
DPB1*1052,HLA26023
DPB1*1053,HLA25718
DPB1*1054,HLA25736
DPB1*1055,HLA25588
DPB1*1056,HLA25905
DPB1*1057,HLA25623
DPB1*1058,HLA25586
DPB1*1059,HLA25763
DPB1*1060,HLA26032
DPB1*1061,HLA25971
DPB1*1062,HLA26039
DPB1*1063,HLA25753
DPB1*1064,HLA25948
DPB1*1065,HLA25979
DPB1*1066,HLA25726
DPB1*1067,HLA25563
DPB1*1068,HLA26012
DPB1*1069,HLA25965
DPB1*1070,HLA26175
DPB1*1071,HLA26200
DPB1*1072,HLA26207
DPB1*1073,HLA26285
DPB1*1074,HLA26332
DPB1*1075,HLA26268
DPB1*1076,HLA26295
DPB1*1077,HLA26334
DPB1*1078,HLA26388
DPB1*1079,HLA26264
DPB1*1080,HLA26309
DPB1*1081,HLA26359
DPB1*1082,HLA26274
DPB1*1083,HLA26430
DPB1*1084,HLA26453
DPB1*1085,HLA26550
DPB1*1086,HLA26601
DPB1*1087,HLA26702
DPB1*1088,HLA26835
DPB1*1089,HLA26827
DPB1*1090,HLA27227
DPB1*1091,HLA26989
DPB1*1092,HLA27218
DPB1*1093,HLA27219
DPB1*1094,HLA27220
DPB1*1095,HLA27222
DPB1*1096,HLA27223
DPB1*1097,HLA27248
DPB1*1098,HLA27293
DPB1*1099,HLA27624
DPB1*1100,HLA27625
DPB1*1101,HLA27537
DPB1*1102,HLA27586
DPB1*1103,HLA27592
DPB1*1104,HLA27888
DPB1*1105,HLA27891
DPB1*1106,HLA28203
DPB1*1107,HLA28204
DPB1*1108,HLA28205
DPB1*1109,HLA28206
DPB1*1110,HLA28207
DPB1*1111,HLA28208
DPB1*1112,HLA28210
DPB1*1113,HLA28211
DPB1*1114,HLA28213
DPB1*1115,HLA28214
DPB1*1116,HLA28215
DPB1*1117,HLA28036
DPB1*1118,HLA28224
DPB1*1119,HLA28226
DPB1*1120,HLA28227
DPB1*1121,HLA28394
DPB1*1122,HLA28395
DPB1*1123,HLA28415
DPB1*1124,HLA28448
DPB1*1125,HLA28481
DPB1*1126,HLA28482
DPB1*1127,HLA28483
DPB1*1128,HLA28486
DPB1*1129,HLA28487
DPB1*1130,HLA28488
DPB1*1131,HLA28489
DPB1*1132,HLA28490
DPB1*1133,HLA28493
DPB1*1134,HLA28494
DPB1*1135,HLA28566
DPB1*1136,HLA28567
DPB1*1137,HLA28568
DPB1*1138,HLA28569
DPB1*1139,HLA28570
DPB1*1140,HLA28571
DPB1*1141,HLA28572
DPB1*1142,HLA28573
DPB1*1143,HLA28574
DPB1*1144,HLA28577
DPB1*1145,HLA28725
DPB1*1146,HLA28647
DPB1*1147,HLA28803
DPB1*1148,HLA28923
DPB1*1149,HLA29016
DPB1*1150,HLA29207
DPB1*1151,HLA29210
DPB1*1152,HLA29153
DPB1*1153,HLA29171
DPB1*1154,HLA29248
DPB1*1155,HLA29287
DPB1*1156,HLA29642
DPB1*1157,HLA29556
DPB1*1158,HLA29475
DPB1*1159,HLA29419
DPB1*1160,HLA29587
DPB1*1161,HLA29503
DPB1*1162,HLA29453
DPB1*1163,HLA29406
DPB1*1164,HLA29545
DPB1*1165,HLA29622
DPB1*1166,HLA29573
DPB1*1167,HLA29437
DPB1*1168,HLA29802
DPB1*1169,HLA29843
DPB1*1170,HLA29856
DPB1*1171,HLA30067
DPB1*1172,HLA30295
DPB1*1173,HLA30190
DPB1*1174,HLA30398
DPB1*1175,HLA30412
DPB1*1176,HLA30302
DPB1*1177,HLA30277
DPB1*1178,HLA30424
DPB1*1179,HLA30184
DPB1*1180,HLA30106
DPB1*1181,HLA30210
DPB1*1182,HLA30420
DPB1*1183,HLA30372
DPB1*1184,HLA30476
DPB1*1185,HLA30263
DPB1*1186,HLA30449
DPB1*1187,HLA30484
DPB1*1188,HLA29926
DPB1*1189,HLA29901
DPB1*1190,HLA30684
DPB1*1191,HLA30617
DPB1*1192,HLA30512
DPB1*1193,HLA30761
DPB1*1194,HLA30765
DPB1*1195,HLA30534
DPB1*1196,HLA30830
DPB1*1197,HLA30826
DPB1*1198,HLA30874
DPB1*1199,HLA31061
DPB1*1200,HLA30953
DPB1*1201,HLA31840
DPB1*1202,HLA30881
DPB1*1203,HLA31324
DPB1*1204,HLA31354
DPB1*1205,HLA31387
DPB1*1206,HLA30914
DPB1*1207,HLA31355
DPB1*1208,HLA31352
DPB1*1209,HLA31012
DPB1*1210,HLA30909
DPB1*1211,HLA31357
DPB1*1212,HLA31173
DPB1*1213,HLA31300
DPB1*1214,HLA31297
DPB1*1215,HLA31058
DPB1*1216,HLA31059
DPB1*1217,HLA31100
DPB1*1218,HLA31235
DPB1*1219,HLA30980
DPB1*1220,HLA31308
DPB1*1221,HLA30923
DPB1*1222,HLA31030
DPB1*1223,HLA31151
DPB1*1224,HLA30936
DPB1*1225,HLA31737
DPB1*1226,HLA31470
DPB1*1227,HLA31757
DPB1*1228,HLA31834
DPB1*1229,HLA31558
DPB1*1230,HLA31546
DPB1*1231,HLA31479
DPB1*1232,HLA31422
DPB1*1233,HLA31804
DPB1*1234,HLA31452
DPB1*1235,HLA31415
DPB1*1236,HLA31465
DPB1*1237,HLA31475
DPB1*1238,HLA31506
DPB1*1239,HLA31782
DPB1*1240,HLA31810
DPB1*1241,HLA31833
DPB1*1242,HLA31774
DPB1*1243,HLA31752
DPB1*1244,HLA31467
DPB1*1245,HLA31773
DPB1*1246,HLA31667
DPB1*1247,HLA31803
DPB1*1248,HLA31820
DPB1*1249,HLA31831
DPB1*1250,HLA31443
DPB1*1251,HLA31723
DPB1*1252,HLA31712
DPB1*1253,HLA31618
DPB1*1254,HLA31627
DPB1*1255,HLA31597
DPB1*1256,HLA31625
DPB1*1257,HLA31687
DPB1*1258,HLA31574
DPB1*1259,HLA31531
DPB1*1260,HLA31555
DPB1*1261,HLA31721
DPB1*1262,HLA31547
DPB1*1263,HLA31581
DPB1*1264,HLA31573
DPB1*1265,HLA31629
DPB1*1266,HLA31663
DPB1*1267,HLA31679
DPB1*1268,HLA31540
DPB1*1269,HLA31517
DPB1*1270,HLA31668
DPB1*1271,HLA31571
DPB1*1272,HLA31638
DPB1*1273,HLA31696
DPB1*1274,HLA32028
DPB1*1275,HLA32111
DPB1*1276,HLA32125
DPB1*1277,HLA31842
DPB1*1278,HLA31998
DPB1*1279,HLA31992
DPB1*1280,HLA31932
DPB1*1281,HLA31961
DPB1*1282,HLA31923
DPB1*1283,HLA32036
DPB1*1284,HLA32192
DPB1*1285,HLA32221
DPB1*1286,HLA32439
DPB1*1287,HLA32522
DPB1*1288,HLA32779
DPB1*1289,HLA33484
DPB1*1290,HLA33398
DPB1*1291,HLA32731
DPB1*1292,HLA33127
DPB1*1293,HLA33308
DPB1*1294,HLA33243
DPB1*1295,HLA32876
DPB1*1296,HLA33071
DPB1*1297,HLA32957
DPB1*1298,HLA33330
DPB1*1299,HLA33543
DPB1*1300,HLA33891
DPB1*1301,HLA34008
DPB1*1302,HLA34010
DPB1*1303,HLA33873
DPB1*1304,HLA34014
DPB1*1305,HLA33949
DPB1*1306,HLA33998
DPB1*1307,HLA33882
DPB1*1308,HLA33885
DPB1*1309,HLA34005
DPB1*1310,HLA33976
DPB1*1311,HLA33991
DPB1*1312,HLA33958
DPB1*1313,HLA34038
DPB1*1314,HLA34054
DPB1*1315,HLA34117
DPB1*1316,HLA34108
DPB1*1317,HLA34077
DPB1*1318,HLA34078
DPB1*1319,HLA34356
DPB1*1320,HLA34302
DPB1*1321,HLA34305
DPB1*1322,HLA34301
DPB1*1323,HLA34292
DPB1*1324,HLA34353
DPB1*1325,HLA34524
DPB1*1326,HLA34803
DPB1*1327,HLA34932
DPB1*1328,HLA34827
DPB1*1329,HLA34859
DPB1*1330,HLA34893
DPB1*1331,HLA35033
DPB1*1332,HLA34939
DPB1*1333,HLA34984
DPB1*1334,HLA34990
DPB1*1335,HLA34852
DPB1*1336,HLA34882
DPB1*1337,HLA35296
DPB1*1338,HLA35275
DPB1*1339,HLA35124
DPB1*1340,HLA35154
DPB1*1341,HLA35191
DPB1*1342,HLA34923
DPB1*1343,HLA35279
DPB1*1344,HLA35322
DPB1*1345,HLA34943
DPB1*1346,HLA35137
DPB1*1347,HLA35611
DPB1*1348,HLA35523
DPB1*1349,HLA35594
DPB1*1350,HLA35434
DPB1*1352,HLA35577
DPB1*1353,HLA35579
DPB1*1354,HLA35432
DPB1*1355,HLA35522
DPB1*1356,HLA35439
DPB1*1357,HLA35534
DPB1*1358,HLA35467
DPB1*1359,HLA35790
DPB1*1360,HLA35699
DPB1*1361,HLA35992
DPB1*1362,HLA35849
DPB1*1363,HLA35789
DPB1*1364,HLA35745
DPB1*1365,HLA35752
DPB1*1366,HLA35717
DPB1*1367,HLA35873
DPB1*1368,HLA35822
DPB1*1369,HLA35809
DPB1*1370,HLA35836
DPB1*1371,HLA35898
DPB1*1372,HLA35871
DPB1*1373,HLA35870
DPB1*1374,HLA35821
DPB1*1375,HLA35835
DPB1*1376,HLA35853
DPB1*1377,HLA35739
DPB1*1378,HLA35757
DPB1*1379,HLA35714
DPB1*1380,HLA35763
DPB1*1381,HLA35796
DPB1*1382,HLA35854
DPB1*1383,HLA35775
DPB1*1384,HLA35868
DPB1*1385,HLA35888
DPB1*1386,HLA35833
DPB1*1387,HLA35823
DPB1*1388,HLA35755
DPB1*1389,HLA35885
DPB1*1390,HLA35912
DPB1*1391,HLA35855
DPB1*1392,HLA35726
DPB1*1393,HLA35872
DPB1*1394,HLA35848
DPB1*1395,HLA35807
DPB1*1396,HLA35824
DPB1*1397,HLA35762
DPB1*1398,HLA35957
DPB1*1399,HLA35632
DPB1*1400,HLA35647
DPB1*1401,HLA35995
DPB1*1402,HLA35948
DPB1*1403,HLA35691
DPB1*1404,HLA35631
DPB1*1405,HLA35667
DPB1*1406,HLA35655
DPB1*1407,HLA35705
DPB1*1408,HLA35693
DPB1*1409,HLA35686
DPB1*1410,HLA35706
DPB1*1411,HLA35692
DPB1*1412,HLA35685
DPB1*1413,HLA35630
DPB1*1414,HLA35978
DPB1*1415,HLA35996
DPB1*1416,HLA35966
DPB1*1417,HLA35977
DPB1*1418,HLA35946
DPB1*1419,HLA35923
DPB1*1420,HLA35688
DPB1*1421,HLA35674
DPB1*1422,HLA35975
DPB1*1423,HLA35993
DPB1*1424,HLA35955
DPB1*1425,HLA35928
DPB1*1426,HLA35678
DPB1*1427,HLA35727
DPB1*1428,HLA35990
DPB1*1429,HLA36083
DPB1*1430,HLA36175
DPB1*1431,HLA36256
DPB1*1432,HLA36107
DPB1*1433,HLA36065
DPB1*1434,HLA36299
DPB1*1435,HLA36146
DPB1*1436,HLA36463
DPB1*1437,HLA36555
DPB1*1438,HLA36541
DPB1*1439,HLA36332
DPB1*1440,HLA36448
DPB1*1441,HLA36510
DPB1*1442,HLA36585
DPB1*1443,HLA36742
DPB1*1444,HLA36694
DPB1*1445,HLA36628
DPB1*1446,HLA36607
DPB1*1447,HLA36679
DPB1*1448,HLA36715
DPB1*1449,HLA36859
DPB1*1450,HLA36805
DPB1*1451,HLA36854
DPB1*1452,HLA36837
DPB1*1453,HLA36871
DPB1*1454,HLA36841
DPB2*01,HLA14837
DPB2*02,HLA14842
DPB2*03,HLA14839
DMA*01,HLA00485
DMB*01,HLA00489
DOA*01,HLA00494
DOB*01,HLA01098
HFE*001,HLA14067
HFE*002,HLA14070
HFE*003,HLA14069
HFE*004,HLA14068
MICA*001,HLA01013
MICA*002,HLA01014
MICA*004,HLA01015
MICA*005,HLA01016
MICA*006,HLA01017
MICA*007,HLA01018
MICA*008,HLA01019
MICA*009,HLA01020
MICA*010,HLA01021
MICA*011,HLA01022
MICA*012,HLA01023
MICA*013,HLA01024
MICA*014,HLA01025
MICA*015,HLA01026
MICA*016,HLA01027
MICA*017,HLA01335
MICA*018,HLA01336
MICA*019,HLA01334
MICA*020,HLA01370
MICA*022,HLA01394
MICA*023,HLA01396
MICA*024,HLA01391
MICA*025,HLA01392
MICA*026,HLA01393
MICA*027,HLA01371
MICA*028,HLA01398
MICA*029,HLA01365
MICA*030,HLA01333
MICA*031,HLA01383
MICA*032,HLA01386
MICA*033,HLA01366
MICA*034,HLA01395
MICA*035,HLA01384
MICA*036,HLA01387
MICA*037,HLA01388
MICA*038,HLA01389
MICA*039,HLA01390
MICA*040,HLA01385
MICA*041,HLA01367
MICA*042,HLA01399
MICA*043,HLA01368
MICA*044,HLA01400
MICA*045,HLA01369
MICA*046,HLA01372
MICA*047,HLA01410
MICA*048,HLA01420
MICA*049,HLA01498
MICA*050,HLA01710
MICA*051,HLA01761
MICA*052,HLA02333
MICA*053,HLA02334
MICA*054,HLA03157
MICA*055,HLA03189
MICA*056,HLA03255
MICA*057,HLA03484
MICA*058,HLA03751
MICA*059,HLA04350
MICA*060,HLA04853
MICA*061,HLA05137
MICA*062,HLA05377
MICA*063N,HLA05919
MICA*064N,HLA06453
MICA*065,HLA07086
MICA*066,HLA07107
MICA*067,HLA07329
MICA*068,HLA07420
MICA*069,HLA07546
MICA*070,HLA07761
MICA*072,HLA08898
MICA*073,HLA08956
MICA*074,HLA08959
MICA*075,HLA09082
MICA*076,HLA09117
MICA*077,HLA10268
MICA*078,HLA10648
MICA*079,HLA10934
MICA*080,HLA11070
MICA*081,HLA11072
MICA*082,HLA11073
MICA*083,HLA11472
MICA*084,HLA11481
MICA*085,HLA13078
MICA*086,HLA13970
MICA*087,HLA14463
MICA*088N,HLA22544
MICA*089,HLA26343
MICA*090,HLA26351
MICA*091,HLA26237
MICA*092,HLA26530
MICA*093,HLA26514
MICA*094,HLA26447
MICA*095,HLA26431
MICA*096N,HLA26582
MICA*097,HLA26459
MICA*098,HLA26565
MICA*099,HLA26508
MICA*100,HLA26871
MICA*101,HLA26922
MICA*102,HLA26890
MICA*103,HLA26891
MICA*104,HLA26893
MICA*105Q,HLA26899
MICA*106,HLA26908
MICA*107N,HLA26923
MICA*108,HLA26932
MICA*109,HLA26935
MICA*110,HLA27258
MICA*111,HLA26888
MICA*112,HLA07097
MICA*113,HLA31003
MICA*114,HLA31335
MICA*115,HLA31345
MICA*116,HLA30971
MICA*117,HLA31004
MICA*118,HLA30925
MICA*119,HLA30903
MICA*120,HLA31375
MICA*121,HLA30956
MICA*122,HLA30975
MICA*123,HLA31007
MICA*124,HLA30939
MICA*125,HLA30922
MICA*126,HLA30907
MICA*127,HLA31378
MICA*128,HLA31363
MICA*129,HLA30940
MICA*130,HLA30887
MICA*131,HLA30906
MICA*132,HLA30955
MICA*133,HLA31350
MICA*134,HLA31362
MICA*135,HLA31402
MICA*136,HLA31348
MICA*137,HLA31321
MICA*138,HLA31306
MICA*139,HLA30957
MICA*140,HLA31332
MICA*141,HLA31349
MICA*142,HLA31307
MICA*143,HLA31380
MICA*144,HLA31361
MICA*145,HLA31388
MICA*146,HLA31401
MICA*147,HLA31296
MICA*148,HLA31266
MICA*149,HLA31182
MICA*150,HLA31184
MICA*151,HLA31240
MICA*152,HLA31295
MICA*153,HLA31277
MICA*154,HLA31249
MICA*155,HLA31050
MICA*156,HLA31023
MICA*157,HLA31143
MICA*158,HLA31106
MICA*159,HLA31049
MICA*160,HLA31024
MICA*161,HLA31092
MICA*162,HLA31048
MICA*163,HLA31171
MICA*164,HLA31252
MICA*165,HLA31217
MICA*166,HLA31205
MICA*167,HLA31110
MICA*168,HLA31130
MICA*169,HLA31265
MICA*170,HLA31090
MICA*171Q,HLA31071
MICA*172,HLA31127
MICA*173,HLA31029
MICA*174,HLA31072
MICA*175,HLA31046
MICA*176,HLA31187
MICA*177,HLA31202
MICA*178,HLA31254
MICA*179,HLA31218
MICA*180,HLA31150
MICA*181,HLA31163
MICA*182,HLA31219
MICA*183,HLA31293
MICA*184,HLA31392
MICA*185,HLA31310
MICA*186,HLA30958
MICA*187,HLA30972
MICA*188,HLA31334
MICA*189,HLA31309
MICA*190,HLA31391
MICA*191,HLA30924
MICA*192,HLA31589
MICA*193,HLA31508
MICA*194,HLA31491
MICA*195N,HLA31830
MICA*196,HLA31821
MICA*197,HLA31745
MICA*198,HLA31741
MICA*199,HLA31832
MICA*200,HLA31472
MICA*201,HLA31507
MICA*202,HLA35413
MICA*203,HLA35597
MICA*204,HLA35600
MICA*205,HLA35748
MICA*206,HLA35749
MICA*207,HLA35842
MICA*208,HLA35846
MICA*209,HLA35813
MICA*210,HLA35876
MICA*211,HLA35902
MICA*212,HLA35908
MICA*213,HLA35747
MICA*214,HLA35875
MICA*215,HLA35903
MICA*216,HLA35907
MICA*217,HLA35841
MICA*218,HLA35847
MICA*219,HLA35816
MICA*220,HLA35814
MICA*221,HLA35767
MICA*222N,HLA35736
MICA*223,HLA35797
MICA*224,HLA35827
MICA*225,HLA35782
MICA*226,HLA35778
MICA*227,HLA35710
MICA*228,HLA35738
MICA*229,HLA35758
MICA*230,HLA35917
MICA*231,HLA35892
MICA*232,HLA35802
MICA*233,HLA35894
MICA*234,HLA35864
MICA*235,HLA35890
MICA*236,HLA35712
MICA*237,HLA35916
MICA*238,HLA35865
MICA*239,HLA35889
MICA*240,HLA35801
MICA*241,HLA35861
MICA*242,HLA35831
MICA*243,HLA35985
MICA*244,HLA36151
MICA*245,HLA36317
MICA*246,HLA36030
MICA*247,HLA36019
MICA*248,HLA36070
MICA*249,HLA36238
MICA*250,HLA36243
MICA*251,HLA36047
MICA*252,HLA36271
MICA*253,HLA36236
MICA*254,HLA36318
MICA*255,HLA36311
MICA*256,HLA36021
MICA*257,HLA36054
MICA*258,HLA36055
MICA*259,HLA36068
MICA*260,HLA36264
MICA*261,HLA36069
MICA*262,HLA36031
MICA*263,HLA36007
MICA*264,HLA36294
MICA*265,HLA36263
MICA*266,HLA36267
MICA*267,HLA36242
MICA*268,HLA36289
MICA*269,HLA36316
MICA*270,HLA36291
MICA*271,HLA36286
MICA*272,HLA36314
MICA*273,HLA36315
MICA*274,HLA36051
MICA*275,HLA36155
MICA*276,HLA36168
MICA*277,HLA36187
MICA*278,HLA36215
MICA*279,HLA36202
MICA*280,HLA36091
MICA*281,HLA36218
MICA*282,HLA36203
MICA*283,HLA36158
MICA*284,HLA36188
MICA*285,HLA36179
MICA*286N,HLA36136
MICA*287,HLA36087
MICA*288,HLA36111
MICA*289,HLA36162
MICA*290,HLA36142
MICA*291,HLA36119
MICB*001,HLA02033
MICB*002,HLA02059
MICB*003,HLA02060
MICB*004,HLA02064
MICB*005,HLA02062
MICB*006,HLA02063
MICB*007,HLA02069
MICB*008,HLA02065
MICB*009,HLA02066
MICB*010,HLA02070
MICB*011,HLA02071
MICB*012,HLA02072
MICB*013,HLA02074
MICB*014,HLA02073
MICB*015,HLA02075
MICB*016,HLA02188
MICB*018,HLA02190
MICB*019,HLA02191
MICB*020,HLA02192
MICB*021,HLA02186
MICB*022,HLA02187
MICB*023,HLA05831
MICB*024,HLA07084
MICB*025,HLA07085
MICB*026,HLA07379
MICB*027,HLA08422
MICB*028,HLA08424
MICB*029,HLA08425
MICB*030,HLA12914
MICB*031,HLA13777
MICB*032,HLA18237
MICB*033,HLA18965
MICB*034,HLA26135
MICB*035,HLA26211
MICB*036,HLA26634
MICB*037,HLA26628
MICB*038,HLA26766
MICB*039,HLA27886
MICB*040,HLA27889
MICB*041N,HLA28931
MICB*042,HLA29359
MICB*043N,HLA30842
MICB*044,HLA30912
MICB*045N,HLA30983
MICB*046,HLA31633
MICB*047,HLA31602
MICB*048,HLA31739
MICB*049,HLA36677
MICB*050,HLA36671
MICB*051,HLA36716
MICB*052,HLA36890
MICB*053,HLA36933
TAP1*01,HLA00953
TAP1*02,HLA00955
TAP1*03,HLA00957
TAP1*04,HLA00958
TAP1*05,HLA01890
TAP1*06,HLA06630
TAP2*01,HLA00959
TAP2*02,HLA00962
